Modelo,R² medio,R² mediano,R² std,RMSE medio,Vehículos evaluados,R² > 0.5,R² 0.3-0.5,R² < 0.3
Gradient Boosting,0.37598155935922295,0.5142950323645523,0.2962833085023519,0.5481584627625916,17,9,2,6
Random Forest,0.3725383032733254,0.5134476044293159,0.3045708196212352,0.5492015928514178,17,9,2,6
Neural Network,0.37093903249203997,0.4998099885770354,0.29539673004509187,0.5503165519073713,17,8,2,7
Extra Trees,0.36873416649304797,0.5126495477927895,0.3053318839529981,0.5501679569791846,17,9,2,6
Decision Tree,0.36790784574134855,0.5137263174765909,0.30613591131529727,0.5510782510282201,17,9,2,6
Lasso (L1),0.2848040121261198,0.4364593766203162,0.4117362186570372,0.5746695291935213,17,7,3,7
Ridge (L2),0.2823447802387092,0.4396483197786133,0.41479463586552345,0.5752301302357168,17,7,3,7
Linear Regression,0.2823447799371324,0.4396483201059601,0.41479463621889384,0.5752301303073777,17,7,3,7
K-Neighbors (k=5),0.22231475066516815,0.40826650511452744,0.3920412312953334,0.6042851747099487,17,5,4,8
