Modelo,R² medio,R² mediano,R² std,RMSE medio,Vehículos evaluados,R² > 0.5,R² 0.3-0.5,R² < 0.3
Neural Network,0.3702089256953772,0.4562651531757116,0.281860075184976,0.5548418633315548,27,12,6,9
Gradient Boosting,0.3580236788079188,0.4547522944879271,0.2915222899445842,0.5608674216794496,27,11,7,9
Extra Trees,0.3512364373564974,0.4472290658264235,0.29602612328311395,0.5629383185124293,27,11,6,10
Random Forest,0.3387916903227963,0.41959130049429827,0.3073789166204224,0.5672652755892195,27,9,8,10
Lasso (L1),0.3359718116241816,0.4043058448999248,0.3277749593143367,0.5635725484407235,27,11,7,9
Ridge (L2),0.3356048785427703,0.40436493030811715,0.33054997041082723,0.5635081496398394,27,12,6,9
Linear Regression,0.3356048779485002,0.40436493009687124,0.3305499731321159,0.5635081496382509,27,12,6,9
K-Neighbors (k=5),0.19624941945141586,0.32117234812310136,0.4041769200775576,0.6141176287532495,27,3,12,12
Decision Tree,0.1702933591544804,0.3031301960202403,0.40737726960911264,0.6263108796471153,27,4,10,13
